,iso3,country,year,le_f,country_sp,fem_pop,mmr,gpi,femicides_number
0,ARG,Argentina,2008,78.9268,Argentina,20387718.0,53.0,1.82,
1,ATG,Antigua and Barbuda,2008,79.088,Antigua y Barbuda,43883.0,50.0,,
2,BHS,Bahamas,2008,75.9615,Bahamas,186970.0,77.0,,
3,BLZ,Belize,2008,74.0447,Belice,152520.0,59.0,,
4,BOL,Bolivia (Plurinational State of),2008,67.8569,Bolivia,4898788.0,234.0,1.952,
5,BRA,Brazil,2008,76.1337,Brasil,97612571.0,70.0,1.952,
6,BRB,Barbados,2008,77.5759,Barbados,142532.0,39.0,,
7,CHL,Chile,2008,81.2504,Chile,8392523.0,21.0,1.631,
8,COL,Colombia,2008,77.7309,Colombia,22128690.0,84.0,2.659,
9,CRI,Costa Rica,2008,81.0158,Costa Rica,2240104.0,29.0,1.639,33.0
10,CUB,Cuba,2008,79.7977,Cuba,5642613.0,40.0,2.077,
11,DMA,Dominica,2008,76.2139,Dominica,34119.0,,,1.0
12,DOM,Dominican Republic,2008,74.8316,República Dominicana,4700619.0,92.0,1.987,204.0
13,ECU,Ecuador,2008,78.1157,Ecuador,7242204.0,82.0,2.145,
14,GRD,Grenada,2008,77.3415,Granada,55736.0,30.0,,
15,GTM,Guatemala,2008,73.8994,Guatemala,6925630.0,125.0,2.109,
16,GUY,Guyana,2008,69.7995,Guyana,378592.0,192.0,2.045,
17,HND,Honduras,2008,72.4513,Honduras,4003999.0,76.0,2.171,
18,HTI,Haiti,2008,63.6962,Haití,4819071.0,484.0,2.066,
19,JAM,Jamaica,2008,73.6036,Jamaica,1367460.0,79.0,1.974,
20,KNA,Saint Kitts and Nevis,2008,74.7684,Saint Kitts y Nevis,23904.0,,,
21,LCA,Saint Lucia,2008,75.7352,Santa Lucía,84671.0,93.0,,1.0
22,MEX,Mexico,2008,76.9519,México,55985191.0,49.0,2.115,
23,NIC,Nicaragua,2008,73.6744,Nicaragua,2885445.0,116.0,1.866,
24,PAN,Panama,2008,79.4327,Panamá,1741781.0,84.0,1.77,
25,PER,Peru,2008,75.509,Perú,14418159.0,108.0,1.982,
26,PRY,Paraguay,2008,74.316,Paraguay,2801155.0,118.0,1.842,16.0
27,SLV,El Salvador,2008,75.9201,El Salvador,3166854.0,57.0,2.008,
28,SUR,Suriname,2008,72.2712,Suriname,265315.0,169.0,,
29,TTO,Trinidad and Tobago,2008,74.7729,Trinidad y Tobago,704812.0,72.0,2.078,19.0
30,URY,Uruguay,2008,80.6754,Uruguay,1727547.0,19.0,1.656,25.0
31,VCT,Saint Vincent and the Grenadines,2008,78.1167,San Vicente y las Granadinas,53871.0,70.0,,
32,VEN,Venezuela (Bolivarian Republic of),2008,76.9105,Venezuela,13984235.0,116.0,2.263,
33,ARG,Argentina,2009,79.0703,Argentina,20588982.0,56.0,1.886,
34,ATG,Antigua and Barbuda,2009,79.3047,Antigua y Barbuda,44522.0,45.0,,
35,BHS,Bahamas,2009,76.0709,Bahamas,189903.0,78.0,,
36,BLZ,Belize,2009,74.861,Belice,156923.0,57.0,,
37,BOL,Bolivia (Plurinational State of),2009,68.358,Bolivia,4984968.0,222.0,2.002,
38,BRA,Brazil,2009,76.2987,Brasil,98581682.0,69.0,1.958,
39,BRB,Barbados,2009,77.8187,Barbados,143198.0,38.0,,
40,CHL,Chile,2009,81.4808,Chile,8479648.0,21.0,1.653,
41,COL,Colombia,2009,78.0541,Colombia,22387951.0,87.0,2.627,
42,CRI,Costa Rica,2009,81.2356,Costa Rica,2271211.0,29.0,1.643,39.0
43,CUB,Cuba,2009,79.8978,Cuba,5647821.0,40.0,2.065,
44,DMA,Dominica,2009,74.7259,Dominica,34089.0,,,0.0
45,DOM,Dominican Republic,2009,75.2762,República Dominicana,4765395.0,95.0,1.994,199.0
46,ECU,Ecuador,2009,78.3081,Ecuador,7366263.0,80.0,2.166,
47,GRD,Grenada,2009,77.829,Granada,56101.0,30.0,,
48,GTM,Guatemala,2009,74.1273,Guatemala,7058856.0,131.0,2.073,
49,GUY,Guyana,2009,70.0217,Guyana,377375.0,185.0,2.062,
50,HND,Honduras,2009,72.958,Honduras,4090493.0,75.0,2.15,
51,HTI,Haiti,2009,64.1127,Haití,4897538.0,484.0,2.094,
52,JAM,Jamaica,2009,74.1395,Jamaica,1372774.0,79.0,1.969,
53,KNA,Saint Kitts and Nevis,2009,74.9948,Saint Kitts y Nevis,24005.0,,,
54,LCA,Saint Lucia,2009,75.8085,Santa Lucía,85135.0,100.0,,2.0
55,MEX,Mexico,2009,76.9927,México,56685733.0,51.0,2.177,
56,NIC,Nicaragua,2009,74.5447,Nicaragua,2927499.0,113.0,1.841,
57,PAN,Panama,2009,79.6152,Panamá,1774222.0,82.0,1.747,
58,PER,Peru,2009,75.673,Perú,14548239.0,106.0,1.954,154.0
59,PRY,Paraguay,2009,74.4988,Paraguay,2830572.0,113.0,1.896,30.0
60,SLV,El Salvador,2009,75.9608,El Salvador,3179191.0,57.0,2.048,
61,SUR,Suriname,2009,73.0129,Suriname,268537.0,159.0,,
62,TTO,Trinidad and Tobago,2009,76.7566,Trinidad y Tobago,709337.0,74.0,2.049,12.0
63,URY,Uruguay,2009,80.7762,Uruguay,1731478.0,19.0,1.665,26.0
64,VCT,Saint Vincent and the Grenadines,2009,77.9215,San Vicente y las Granadinas,53620.0,67.0,,
65,VEN,Venezuela (Bolivarian Republic of),2009,76.9592,Venezuela,14190951.0,119.0,2.284,
66,ARG,Argentina,2010,78.8378,Argentina,20633966.0,51.0,1.899,
67,ATG,Antigua and Barbuda,2010,79.434,Antigua y Barbuda,45097.0,44.0,,
68,BHS,Bahamas,2010,76.1489,Bahamas,192834.0,78.0,,
69,BLZ,Belize,2010,75.3701,Belice,160877.0,54.0,,
70,BOL,Bolivia (Plurinational State of),2010,68.6882,Bolivia,5071897.0,212.0,2.002,
71,BRA,Brazil,2010,76.5924,Brasil,99546667.0,65.0,1.932,
72,BRB,Barbados,2010,77.6797,Barbados,143669.0,36.0,,
73,CHL,Chile,2010,81.2127,Chile,8566180.0,20.0,1.675,
74,COL,Colombia,2010,78.3011,Colombia,22648175.0,85.0,2.658,
75,CRI,Costa Rica,2010,81.0832,Costa Rica,2301231.0,32.0,1.645,31.0
76,CUB,Cuba,2010,79.9899,Cuba,5653239.0,41.0,2.056,
77,DMA,Dominica,2010,74.8889,Dominica,34038.0,,,2.0
78,DOM,Dominican Republic,2010,75.6597,República Dominicana,4831796.0,96.0,2.071,210.0
79,ECU,Ecuador,2010,78.4876,Ecuador,7490733.0,78.0,2.117,
80,GRD,Grenada,2010,77.6324,Granada,56477.0,29.0,,
81,GTM,Guatemala,2010,74.2903,Guatemala,7191268.0,129.0,2.108,
82,GUY,Guyana,2010,70.2369,Guyana,375947.0,179.0,2.108,
83,HND,Honduras,2010,73.2785,Honduras,4176200.0,74.0,2.277,
84,HTI,Haiti,2010,46.2514,Haití,4952137.0,506.0,2.063,
85,JAM,Jamaica,2010,74.6666,Jamaica,1378388.0,79.0,1.999,
86,KNA,Saint Kitts and Nevis,2010,74.4338,Saint Kitts y Nevis,24093.0,,,
87,LCA,Saint Lucia,2010,75.7071,Santa Lucía,85705.0,109.0,,2.0
88,MEX,Mexico,2010,77.1168,México,57445993.0,46.0,2.202,
89,NIC,Nicaragua,2010,75.1276,Nicaragua,2970655.0,112.0,1.828,
90,PAN,Panama,2010,79.7333,Panamá,1806799.0,79.0,1.867,
91,PER,Peru,2010,75.9302,Perú,14684090.0,104.0,2.016,139.0
92,PRY,Paraguay,2010,74.7663,Paraguay,2864220.0,108.0,1.959,27.0
93,SLV,El Salvador,2010,76.2132,El Salvador,3191359.0,54.0,2.121,
94,SUR,Suriname,2010,73.5869,Suriname,271788.0,148.0,,
95,TTO,Trinidad and Tobago,2010,76.1383,Trinidad y Tobago,714240.0,71.0,2.119,18.0
96,URY,Uruguay,2010,80.8967,Uruguay,1735600.0,17.0,1.664,35.0
97,VCT,Saint Vincent and the Grenadines,2010,77.55,San Vicente y las Granadinas,53341.0,63.0,,
98,VEN,Venezuela (Bolivarian Republic of),2010,77.1395,Venezuela,14393135.0,117.0,2.419,
99,ARG,Argentina,2011,79.3224,Argentina,20865767.0,48.0,1.879,
100,ATG,Antigua and Barbuda,2011,79.7063,Antigua y Barbuda,45588.0,43.0,,
101,BHS,Bahamas,2011,75.7623,Bahamas,195497.0,78.0,,
102,BLZ,Belize,2011,75.6775,Belice,164408.0,52.0,,
103,BOL,Bolivia (Plurinational State of),2011,69.0885,Bolivia,5159435.0,202.0,1.942,
104,BRA,Brazil,2011,76.6512,Brasil,100509285.0,61.0,2.005,
105,BRB,Barbados,2011,77.8687,Barbados,143988.0,35.0,,
106,CHL,Chile,2011,81.6841,Chile,8651769.0,18.0,1.722,
107,COL,Colombia,2011,78.5479,Colombia,22903701.0,84.0,2.598,
108,CRI,Costa Rica,2011,81.7106,Costa Rica,2330459.0,30.0,1.781,42.0
109,CUB,Cuba,2011,80.0634,Cuba,5659068.0,38.0,2.041,
110,DMA,Dominica,2011,72.9735,Dominica,34025.0,,,0.0
111,DOM,Dominican Republic,2011,75.8556,República Dominicana,4898563.0,95.0,2.094,233.0
112,ECU,Ecuador,2011,78.6754,Ecuador,7615672.0,76.0,2.063,
113,GRD,Grenada,2011,78.0668,Granada,56934.0,28.0,,
114,GTM,Guatemala,2011,74.5251,Guatemala,7324691.0,122.0,2.159,
115,GUY,Guyana,2011,70.5182,Guyana,374340.0,180.0,2.08,
116,HND,Honduras,2011,73.7758,Honduras,4261105.0,72.0,2.232,335.0
117,HTI,Haiti,2011,64.1256,Haití,5006574.0,496.0,2.026,
118,JAM,Jamaica,2011,74.9973,Jamaica,1384402.0,79.0,2.041,
119,KNA,Saint Kitts and Nevis,2011,74.6136,Saint Kitts y Nevis,24200.0,,,
120,LCA,Saint Lucia,2011,75.7958,Santa Lucía,86305.0,116.0,,4.0
121,MEX,Mexico,2011,77.3107,México,58268408.0,43.0,2.326,
122,NIC,Nicaragua,2011,75.5281,Nicaragua,3014669.0,110.0,1.865,
123,PAN,Panama,2011,79.8706,Panamá,1839763.0,76.0,1.811,
124,PER,Peru,2011,76.2984,Perú,14829974.0,102.0,1.98,123.0
125,PRY,Paraguay,2011,74.9344,Paraguay,2902421.0,103.0,1.917,32.0
126,SLV,El Salvador,2011,76.1894,El Salvador,3203792.0,53.0,2.141,
127,SUR,Suriname,2011,73.612,Suriname,275035.0,139.0,,
128,TTO,Trinidad and Tobago,2011,76.41,Trinidad y Tobago,719388.0,72.0,2.096,8.0
129,URY,Uruguay,2011,81.0323,Uruguay,1739923.0,17.0,1.571,26.0
130,VCT,Saint Vincent and the Grenadines,2011,77.3177,San Vicente y las Granadinas,53026.0,64.0,,
131,VEN,Venezuela (Bolivarian Republic of),2011,77.1003,Venezuela,14591553.0,116.0,2.421,
132,ARG,Argentina,2012,79.9531,Argentina,21099001.0,47.0,1.867,
133,ATG,Antigua and Barbuda,2012,79.9614,Antigua y Barbuda,46022.0,44.0,,
134,BHS,Bahamas,2012,75.9225,Bahamas,197810.0,78.0,,
135,BLZ,Belize,2012,76.1299,Belice,167988.0,50.0,,
136,BOL,Bolivia (Plurinational State of),2012,69.3124,Bolivia,5247336.0,192.0,1.998,
137,BRA,Brazil,2012,76.8691,Brasil,101450818.0,60.0,1.965,
138,BRB,Barbados,2012,78.0313,Barbados,144282.0,34.0,,
139,CHL,Chile,2012,81.5956,Chile,8736586.0,17.0,1.643,
140,COL,Colombia,2012,78.7871,Colombia,23149997.0,85.0,2.602,
141,CRI,Costa Rica,2012,81.6199,Costa Rica,2359193.0,29.0,1.719,26.0
142,CUB,Cuba,2012,80.1224,Cuba,5666230.0,39.0,2.076,
143,DMA,Dominica,2012,73.2151,Dominica,34127.0,,,1.0
144,DOM,Dominican Republic,2012,76.1656,República Dominicana,4965013.0,94.0,2.045,196.0
145,ECU,Ecuador,2012,78.8422,Ecuador,7739326.0,71.0,2.035,
146,GRD,Grenada,2012,77.8947,Granada,57486.0,28.0,,
147,GTM,Guatemala,2012,74.7313,Guatemala,7457240.0,118.0,2.202,
148,GUY,Guyana,2012,70.8136,Guyana,374465.0,185.0,1.956,
149,HND,Honduras,2012,74.1692,Honduras,4345369.0,70.0,2.247,319.0
150,HTI,Haiti,2012,64.8042,Haití,5084975.0,500.0,1.976,
151,JAM,Jamaica,2012,74.8192,Jamaica,1390918.0,79.0,2.102,
152,KNA,Saint Kitts and Nevis,2012,74.7947,Saint Kitts y Nevis,24290.0,,,
153,LCA,Saint Lucia,2012,75.7236,Santa Lucía,86816.0,116.0,,1.0
154,MEX,Mexico,2012,77.5347,México,59081795.0,41.0,2.423,
155,NIC,Nicaragua,2012,75.7071,Nicaragua,3059293.0,108.0,1.928,
156,PAN,Panama,2012,79.9911,Panamá,1873251.0,74.0,1.854,
157,PER,Peru,2012,76.6832,Perú,14984154.0,100.0,2.017,122.0
158,PRY,Paraguay,2012,75.2484,Paraguay,2942591.0,98.0,1.963,36.0
159,SLV,El Salvador,2012,76.163,El Salvador,3216582.0,52.0,2.201,
160,SUR,Suriname,2012,73.3464,Suriname,278227.0,134.0,,
161,TTO,Trinidad and Tobago,2012,76.7041,Trinidad y Tobago,724786.0,71.0,2.16,10.0
162,URY,Uruguay,2012,81.1651,Uruguay,1744447.0,17.0,1.602,26.0
163,VCT,Saint Vincent and the Grenadines,2012,77.0456,San Vicente y las Granadinas,52710.0,71.0,,
164,VEN,Venezuela (Bolivarian Republic of),2012,77.4163,Venezuela,14786972.0,116.0,2.304,
165,ARG,Argentina,2013,79.9265,Argentina,21332490.0,44.0,1.972,
166,ATG,Antigua and Barbuda,2013,80.2303,Antigua y Barbuda,46401.0,43.0,,
167,BHS,Bahamas,2013,76.2946,Bahamas,199843.0,78.0,,
168,BLZ,Belize,2013,76.2657,Belice,171620.0,48.0,,
169,BOL,Bolivia (Plurinational State of),2013,69.6628,Bolivia,5335470.0,184.0,1.997,
170,BRA,Brazil,2013,77.1195,Brasil,102366379.0,61.0,2.019,
171,BRB,Barbados,2013,78.2127,Barbados,144561.0,32.0,,
172,CHL,Chile,2013,82.0335,Chile,8821764.0,16.0,1.621,
173,COL,Colombia,2013,78.9723,Colombia,23387544.0,85.0,2.57,
174,CRI,Costa Rica,2013,81.7624,Costa Rica,2387107.0,29.0,1.788,18.0
175,CUB,Cuba,2013,80.1573,Cuba,5674433.0,40.0,2.073,
176,DMA,Dominica,2013,71.3096,Dominica,34077.0,,,3.0
177,DOM,Dominican Republic,2013,76.3222,República Dominicana,5030991.0,94.0,2.059,160.0
178,ECU,Ecuador,2013,78.9974,Ecuador,7859194.0,67.0,2.026,
179,GRD,Grenada,2013,77.9028,Granada,58047.0,27.0,,
180,GTM,Guatemala,2013,74.9274,Guatemala,7590464.0,113.0,2.203,246.0
181,GUY,Guyana,2013,71.1183,Guyana,377010.0,175.0,1.967,
182,HND,Honduras,2013,74.4967,Honduras,4429055.0,69.0,2.14,408.0
183,HTI,Haiti,2013,65.2107,Haití,5162748.0,496.0,1.926,
184,JAM,Jamaica,2013,74.555,Jamaica,1397059.0,79.0,2.046,
185,KNA,Saint Kitts and Nevis,2013,75.196,Saint Kitts y Nevis,24339.0,,,
186,LCA,Saint Lucia,2013,75.7814,Santa Lucía,87284.0,108.0,,0.0
187,MEX,Mexico,2013,77.7058,México,59862821.0,39.0,2.381,
188,NIC,Nicaragua,2013,75.7627,Nicaragua,3104267.0,105.0,1.887,
189,PAN,Panama,2013,80.138,Panamá,1906929.0,66.0,1.801,
190,PER,Peru,2013,77.0826,Perú,15143939.0,98.0,2.001,111.0
191,PRY,Paraguay,2013,75.4895,Paraguay,2984194.0,94.0,2.065,25.0
192,SLV,El Salvador,2013,76.1583,El Salvador,3229694.0,50.0,2.148,
193,SUR,Suriname,2013,73.176,Suriname,281345.0,129.0,,
194,TTO,Trinidad and Tobago,2013,77.0691,Trinidad y Tobago,730188.0,70.0,2.031,12.0
195,URY,Uruguay,2013,81.2801,Uruguay,1749192.0,18.0,1.622,23.0
196,VCT,Saint Vincent and the Grenadines,2013,76.5477,San Vicente y las Granadinas,52397.0,73.0,,
197,VEN,Venezuela (Bolivarian Republic of),2013,77.3229,Venezuela,14978971.0,115.0,2.287,
198,ARG,Argentina,2014,80.0035,Argentina,21562981.0,42.0,1.882,225.0
199,ATG,Antigua and Barbuda,2014,80.5354,Antigua y Barbuda,46748.0,42.0,,
200,BHS,Bahamas,2014,76.639,Bahamas,201821.0,77.0,,
201,BLZ,Belize,2014,76.3414,Belice,175274.0,46.0,,
202,BOL,Bolivia (Plurinational State of),2014,69.771,Bolivia,5423617.0,175.0,1.951,
203,BRA,Brazil,2014,77.4319,Brasil,103274465.0,62.0,2.09,
204,BRB,Barbados,2014,78.4364,Barbados,144824.0,31.0,,
205,CHL,Chile,2014,82.1452,Chile,8911559.0,15.0,1.591,
206,COL,Colombia,2014,79.1389,Colombia,23617367.0,85.0,2.601,
207,CRI,Costa Rica,2014,81.2361,Costa Rica,2414032.0,29.0,1.751,24.0
208,CUB,Cuba,2014,80.1661,Cuba,5681712.0,39.0,2.05,
209,DMA,Dominica,2014,72.1177,Dominica,34444.0,,,
210,DOM,Dominican Republic,2014,76.3961,República Dominicana,5096363.0,94.0,2.029,188.0
211,ECU,Ecuador,2014,79.1243,Ecuador,7976779.0,65.0,1.99,27.0
212,GRD,Grenada,2014,78.0045,Granada,58606.0,26.0,,
213,GTM,Guatemala,2014,75.1003,Guatemala,7723659.0,107.0,2.064,214.0
214,GUY,Guyana,2014,71.316,Guyana,380184.0,174.0,1.985,
215,HND,Honduras,2014,74.6319,Honduras,4512235.0,68.0,2.103,290.0
216,HTI,Haiti,2014,65.6837,Haití,5240216.0,492.0,2.018,
217,JAM,Jamaica,2014,74.2101,Jamaica,1402227.0,78.0,2.014,
218,KNA,Saint Kitts and Nevis,2014,74.9284,Saint Kitts y Nevis,24387.0,,,
219,LCA,Saint Lucia,2014,76.1044,Santa Lucía,87752.0,104.0,,0.0
220,MEX,Mexico,2014,77.7819,México,60610526.0,38.0,2.291,
221,NIC,Nicaragua,2014,75.8224,Nicaragua,3149486.0,103.0,1.86,
222,PAN,Panama,2014,80.2994,Panamá,1940824.0,60.0,1.844,34.0
223,PER,Peru,2014,77.4318,Perú,15312249.0,96.0,1.956,100.0
224,PRY,Paraguay,2014,75.6679,Paraguay,3027162.0,91.0,1.988,32.0
225,SLV,El Salvador,2014,76.2671,El Salvador,3242771.0,49.0,2.087,121.0
226,SUR,Suriname,2014,73.1973,Suriname,284406.0,124.0,,
227,TTO,Trinidad and Tobago,2014,77.4069,Trinidad y Tobago,735428.0,69.0,2.002,15.0
228,URY,Uruguay,2014,81.3598,Uruguay,1754081.0,17.0,1.629,18.0
229,VCT,Saint Vincent and the Grenadines,2014,77.4275,San Vicente y las Granadinas,52139.0,69.0,,
230,VEN,Venezuela (Bolivarian Republic of),2014,77.0745,Venezuela,15164502.0,113.0,2.448,74.0
231,ARG,Argentina,2015,80.1877,Argentina,21791541.0,41.0,1.929,235.0
232,ATG,Antigua and Barbuda,2015,80.3888,Antigua y Barbuda,47087.0,43.0,,
233,BHS,Bahamas,2015,76.3718,Bahamas,203844.0,74.0,,
234,BLZ,Belize,2015,76.4857,Belice,178905.0,43.0,,
235,BOL,Bolivia (Plurinational State of),2015,69.9111,Bolivia,5511477.0,168.0,1.966,96.0
236,BRA,Brazil,2015,77.5719,Brasil,104179515.0,63.0,2.09,
237,BRB,Barbados,2015,78.5907,Barbados,145073.0,31.0,,
238,CHL,Chile,2015,82.3839,Chile,9004176.0,14.0,1.608,
239,COL,Colombia,2015,79.2916,Colombia,23847355.0,85.0,2.623,
240,CRI,Costa Rica,2015,81.5686,Costa Rica,2440173.0,28.0,1.693,27.0
241,CUB,Cuba,2015,80.1479,Cuba,5687872.0,38.0,2.033,
242,DMA,Dominica,2015,71.0817,Dominica,34863.0,,,
243,DOM,Dominican Republic,2015,76.3773,República Dominicana,5160958.0,94.0,2.037,98.0
244,ECU,Ecuador,2015,79.2086,Ecuador,8095675.0,63.0,1.966,56.0
245,GRD,Grenada,2015,78.0516,Granada,59160.0,25.0,,
246,GTM,Guatemala,2015,75.1782,Guatemala,7856056.0,103.0,2.074,178.0
247,GUY,Guyana,2015,71.6316,Guyana,383410.0,172.0,2.03,
248,HND,Honduras,2015,74.991,Honduras,4595215.0,67.0,2.075,312.0
249,HTI,Haiti,2015,65.9535,Haití,5317590.0,488.0,2.033,
250,JAM,Jamaica,2015,73.9708,Jamaica,1406816.0,78.0,1.984,
251,KNA,Saint Kitts and Nevis,2015,74.9211,Saint Kitts y Nevis,24430.0,,,
252,LCA,Saint Lucia,2015,76.4009,Santa Lucía,88222.0,115.0,,2.0
253,MEX,Mexico,2015,77.6919,México,61325120.0,36.0,2.225,411.0
254,NIC,Nicaragua,2015,75.925,Nicaragua,3194985.0,101.0,1.948,
255,PAN,Panama,2015,80.5155,Panamá,1975219.0,58.0,1.92,28.0
256,PER,Peru,2015,77.7427,Perú,15496198.0,94.0,1.999,103.0
257,PRY,Paraguay,2015,75.9968,Paraguay,3071251.0,88.0,2.048,23.0
258,SLV,El Salvador,2015,76.5716,El Salvador,3254990.0,48.0,2.178,274.0
259,SUR,Suriname,2015,74.2239,Suriname,287483.0,122.0,,
260,TTO,Trinidad and Tobago,2015,77.9299,Trinidad y Tobago,740577.0,68.0,2.024,9.0
261,URY,Uruguay,2015,81.3861,Uruguay,1759187.0,18.0,1.661,26.0
262,VCT,Saint Vincent and the Grenadines,2015,77.2594,San Vicente y las Granadinas,51944.0,64.0,,
263,VEN,Venezuela (Bolivarian Republic of),2015,77.2179,Venezuela,15341129.0,115.0,2.485,121.0
264,ARG,Argentina,2016,79.67,Argentina,22019065.0,40.0,1.954,254.0
265,ATG,Antigua and Barbuda,2016,80.6451,Antigua y Barbuda,47388.0,43.0,,
266,BHS,Bahamas,2016,76.9382,Bahamas,205736.0,72.0,,
267,BLZ,Belize,2016,76.6678,Belice,182514.0,39.0,,
268,BOL,Bolivia (Plurinational State of),2016,70.2591,Bolivia,5599297.0,161.0,1.891,104.0
269,BRA,Brazil,2016,77.8481,Brasil,105065188.0,62.0,2.14,1662.0
270,BRB,Barbados,2016,78.7235,Barbados,145315.0,30.0,,
271,CHL,Chile,2016,82.57,Chile,9111944.0,13.0,1.572,
272,COL,Colombia,2016,79.4398,Colombia,24107989.0,84.0,2.58,57.0
273,CRI,Costa Rica,2016,82.0082,Costa Rica,2465916.0,28.0,1.695,26.0
274,CUB,Cuba,2016,80.1105,Cuba,5691556.0,37.0,2.02,
275,DMA,Dominica,2016,73.0191,Dominica,34895.0,,,
276,DOM,Dominican Republic,2016,76.304,República Dominicana,5224450.0,94.0,2.038,108.0
277,ECU,Ecuador,2016,79.1373,Ecuador,8217460.0,61.0,1.95,66.0
278,GRD,Grenada,2016,77.8138,Granada,59709.0,25.0,,
279,GTM,Guatemala,2016,75.3922,Guatemala,7987891.0,98.0,2.124,173.0
280,GUY,Guyana,2016,71.8822,Guyana,386678.0,170.0,2.05,
281,HND,Honduras,2016,75.0777,Honduras,4678163.0,65.0,2.124,264.0
282,HTI,Haiti,2016,66.2348,Haití,5394724.0,489.0,2.014,
283,JAM,Jamaica,2016,73.9174,Jamaica,1410867.0,80.0,1.956,
284,KNA,Saint Kitts and Nevis,2016,75.941,Saint Kitts y Nevis,24472.0,,,
285,LCA,Saint Lucia,2016,76.5822,Santa Lucía,88683.0,117.0,,0.0
286,MEX,Mexico,2016,77.4856,México,62029592.0,34.0,2.274,604.0
287,NIC,Nicaragua,2016,76.122,Nicaragua,3240784.0,100.0,1.892,
288,PAN,Panama,2016,80.7356,Panamá,2010059.0,55.0,1.839,19.0
289,PER,Peru,2016,77.9528,Perú,15704688.0,91.0,1.963,105.0
290,PRY,Paraguay,2016,76.413,Paraguay,3116116.0,86.0,2.02,39.0
291,SLV,El Salvador,2016,77.0754,El Salvador,3266614.0,47.0,2.124,256.0
292,SUR,Suriname,2016,74.8513,Suriname,290695.0,121.0,,
293,TTO,Trinidad and Tobago,2016,77.6742,Trinidad y Tobago,745604.0,68.0,2.021,20.0
294,URY,Uruguay,2016,81.3561,Uruguay,1764048.0,18.0,1.648,22.0
295,VCT,Saint Vincent and the Grenadines,2016,77.102,San Vicente y las Granadinas,51704.0,67.0,,
296,VEN,Venezuela (Bolivarian Republic of),2016,76.7416,Venezuela,15457477.0,121.0,2.622,122.0
297,ARG,Argentina,2017,80.085,Argentina,22244116.0,39.0,1.934,249.0
298,ATG,Antigua and Barbuda,2017,80.7206,Antigua y Barbuda,47658.0,42.0,,
299,BHS,Bahamas,2017,77.1704,Bahamas,207529.0,70.0,,
300,BLZ,Belize,2017,76.8448,Belice,186106.0,36.0,,
301,BOL,Bolivia (Plurinational State of),2017,70.3472,Bolivia,5686999.0,155.0,1.937,110.0
302,BRA,Brazil,2017,78.0322,Brasil,105937948.0,60.0,2.203,1582.0
303,BRB,Barbados,2017,78.8415,Barbados,145542.0,27.0,,
304,CHL,Chile,2017,82.6012,Chile,9254199.0,13.0,1.56,
305,COL,Colombia,2017,79.5348,Colombia,24477100.0,83.0,2.646,208.0
306,CRI,Costa Rica,2017,81.7602,Costa Rica,2490983.0,27.0,1.698,26.0
307,CUB,Cuba,2017,80.0708,Cuba,5691861.0,36.0,2.011,
308,DMA,Dominica,2017,69.6472,Dominica,35104.0,,,
309,DOM,Dominican Republic,2017,76.3186,República Dominicana,5286818.0,95.0,2.029,119.0
310,ECU,Ecuador,2017,79.3952,Ecuador,8346245.0,59.0,1.844,101.0
311,GRD,Grenada,2017,77.7719,Granada,60239.0,25.0,,
312,GTM,Guatemala,2017,75.5204,Guatemala,8119332.0,95.0,2.13,180.0
313,GUY,Guyana,2017,72.2069,Guyana,389970.0,169.0,1.983,
314,HND,Honduras,2017,75.1876,Honduras,4761059.0,65.0,2.088,235.0
315,HTI,Haiti,2017,66.732,Haití,5471873.0,480.0,1.932,
316,JAM,Jamaica,2017,73.9115,Jamaica,1413838.0,80.0,1.944,
317,KNA,Saint Kitts and Nevis,2017,75.9225,Saint Kitts y Nevis,24515.0,,,
318,LCA,Saint Lucia,2017,76.7579,Santa Lucía,89132.0,117.0,,4.0
319,MEX,Mexico,2017,77.3026,México,62712641.0,33.0,2.388,742.0
320,NIC,Nicaragua,2017,76.3671,Nicaragua,3286867.0,98.0,1.941,
321,PAN,Panama,2017,80.9248,Panamá,2045156.0,52.0,1.81,15.0
322,PER,Peru,2017,78.0997,Perú,15939422.0,88.0,1.947,116.0
323,PRY,Paraguay,2017,76.4588,Paraguay,3161074.0,84.0,2.006,53.0
324,SLV,El Salvador,2017,77.4936,El Salvador,3276963.0,46.0,2.176,271.0
325,SUR,Suriname,2017,75.703,Suriname,294024.0,120.0,,
326,TTO,Trinidad and Tobago,2017,77.6943,Trinidad y Tobago,750563.0,67.0,2.067,21.0
327,URY,Uruguay,2017,81.3157,Uruguay,1767547.0,17.0,1.639,28.0
328,VCT,Saint Vincent and the Grenadines,2017,77.0517,San Vicente y las Granadinas,51523.0,68.0,,
329,VEN,Venezuela (Bolivarian Republic of),2017,76.2277,Venezuela,15379664.0,125.0,2.65,
330,ARG,Argentina,2018,80.3295,Argentina,22467488.0,39.0,1.911,258.0
331,ATG,Antigua and Barbuda,2018,81.0003,Antigua y Barbuda,47910.0,42.0,,
332,BHS,Bahamas,2018,77.3203,Bahamas,209250.0,70.0,,
333,BLZ,Belize,2018,77.0211,Belice,189707.0,36.0,,
334,BOL,Bolivia (Plurinational State of),2018,70.3834,Bolivia,5774185.0,155.0,1.986,130.0
335,BRA,Brazil,2018,78.2655,Brasil,106812144.0,60.0,2.16,1867.0
336,BRB,Barbados,2018,78.9579,Barbados,145752.0,27.0,,
337,CHL,Chile,2018,82.5267,Chile,9420150.0,13.0,1.628,
338,COL,Colombia,2018,79.6597,Colombia,24945907.0,83.0,2.661,228.0
339,CRI,Costa Rica,2018,82.0831,Costa Rica,2515262.0,27.0,1.74,23.0
340,CUB,Cuba,2018,80.0507,Cuba,5691084.0,36.0,1.991,
341,DMA,Dominica,2018,77.2471,Dominica,35370.0,,,
342,DOM,Dominican Republic,2018,76.4995,República Dominicana,5348537.0,95.0,2.045,165.0
343,ECU,Ecuador,2018,79.6038,Ecuador,8506021.0,59.0,1.907,68.0
344,GRD,Grenada,2018,77.7959,Granada,60748.0,25.0,,
345,GTM,Guatemala,2018,75.5708,Guatemala,8250539.0,95.0,2.114,155.0
346,GUY,Guyana,2018,72.4388,Guyana,399474.0,169.0,2.035,
347,HND,Honduras,2018,75.318,Honduras,4844019.0,65.0,2.157,218.0
348,HTI,Haiti,2018,66.9187,Haití,5548683.0,480.0,1.975,
349,JAM,Jamaica,2018,73.9027,Jamaica,1415821.0,80.0,1.958,
350,KNA,Saint Kitts and Nevis,2018,75.0846,Saint Kitts y Nevis,24545.0,,,
351,LCA,Saint Lucia,2018,76.9681,Santa Lucía,89573.0,117.0,,
352,MEX,Mexico,2018,77.2856,México,63328698.0,33.0,2.426,893.0
353,NIC,Nicaragua,2018,76.6806,Nicaragua,3333171.0,98.0,1.892,
354,PAN,Panama,2018,81.0243,Panamá,2080041.0,52.0,1.828,19.0
355,PER,Peru,2018,78.2926,Perú,16242003.0,88.0,1.925,150.0
356,PRY,Paraguay,2018,76.3419,Paraguay,3205602.0,84.0,2.021,59.0
357,SLV,El Salvador,2018,77.4882,El Salvador,3284064.0,46.0,2.24,232.0
358,SUR,Suriname,2018,75.9369,Suriname,297374.0,120.0,,
359,TTO,Trinidad and Tobago,2018,77.3525,Trinidad y Tobago,761204.0,67.0,2.019,24.0
360,URY,Uruguay,2018,81.2826,Uruguay,1769223.0,17.0,1.729,30.0
361,VCT,Saint Vincent and the Grenadines,2018,76.8627,San Vicente y las Granadinas,51425.0,68.0,,
362,VEN,Venezuela (Bolivarian Republic of),2018,76.4306,Venezuela,15021517.0,125.0,2.719,
363,ARG,Argentina,2019,80.6807,Argentina,22689693.0,39.0,1.984,255.0
364,ATG,Antigua and Barbuda,2019,81.1709,Antigua y Barbuda,48156.0,42.0,,
365,BHS,Bahamas,2019,73.83,Bahamas,210821.0,70.0,,
366,BLZ,Belize,2019,77.2467,Belice,193151.0,36.0,,
367,BOL,Bolivia (Plurinational State of),2019,70.4753,Bolivia,5860919.0,155.0,1.977,117.0
368,BRA,Brazil,2019,78.4695,Brasil,107663080.0,60.0,2.449,2048.0
369,BRB,Barbados,2019,79.1234,Barbados,145957.0,27.0,,
370,CHL,Chile,2019,82.7112,Chile,9589082.0,13.0,1.654,
371,COL,Colombia,2019,79.721,Colombia,25408106.0,83.0,2.672,177.0
372,CRI,Costa Rica,2019,81.9525,Costa Rica,2538156.0,27.0,1.735,17.0
373,CUB,Cuba,2019,80.0747,Cuba,5688414.0,36.0,2.018,
374,DMA,Dominica,2019,77.2054,Dominica,35755.0,,,
375,DOM,Dominican Republic,2019,76.9649,República Dominicana,5409472.0,95.0,2.023,152.0
376,ECU,Ecuador,2019,79.953,Ecuador,8670974.0,59.0,1.943,70.0
377,GRD,Grenada,2019,77.8338,Granada,61240.0,25.0,,
378,GTM,Guatemala,2019,75.8119,Guatemala,8380231.0,95.0,2.193,146.0
379,GUY,Guyana,2019,72.6584,Guyana,405932.0,169.0,2.083,
380,HND,Honduras,2019,75.3704,Honduras,4927035.0,65.0,2.221,295.0
381,HTI,Haiti,2019,67.3292,Haití,5625310.0,480.0,2.047,
382,JAM,Jamaica,2019,73.8735,Jamaica,1417116.0,80.0,1.943,
383,KNA,Saint Kitts and Nevis,2019,75.195,Saint Kitts y Nevis,24562.0,,,
384,LCA,Saint Lucia,2019,77.058,Santa Lucía,90001.0,117.0,,
385,MEX,Mexico,2019,77.5736,México,63898082.0,33.0,2.46,945.0
386,NIC,Nicaragua,2019,77.0005,Nicaragua,3379591.0,98.0,2.261,
387,PAN,Panama,2019,80.9536,Panamá,2114030.0,52.0,1.815,19.0
388,PER,Peru,2019,78.4966,Perú,16556679.0,88.0,1.939,148.0
389,PRY,Paraguay,2019,76.441,Paraguay,3249592.0,84.0,2.096,37.0
390,SLV,El Salvador,2019,76.7759,El Salvador,3287678.0,46.0,2.222,113.0
391,SUR,Suriname,2019,75.6803,Suriname,300864.0,120.0,,
392,TTO,Trinidad and Tobago,2019,77.6973,Trinidad y Tobago,768058.0,67.0,2.045,20.0
393,URY,Uruguay,2019,81.2959,Uruguay,1769262.0,17.0,1.679,25.0
394,VCT,Saint Vincent and the Grenadines,2019,75.5799,San Vicente y las Granadinas,51288.0,68.0,,
395,VEN,Venezuela (Bolivarian Republic of),2019,76.5658,Venezuela,14605811.0,125.0,2.734,
396,ARG,Argentina,2020,79.2846,Argentina,22911069.0,39.0,1.948,251.0
397,ATG,Antigua and Barbuda,2020,81.3155,Antigua y Barbuda,48428.0,42.0,,
398,BHS,Bahamas,2020,76.2696,Bahamas,211965.0,70.0,,
399,BLZ,Belize,2020,76.6257,Belice,196111.0,36.0,,
400,BOL,Bolivia (Plurinational State of),2020,67.8408,Bolivia,5943886.0,155.0,2.037,113.0
401,BRA,Brazil,2020,77.3747,Brasil,108417015.0,60.0,2.446,1596.0
402,BRB,Barbados,2020,79.2095,Barbados,146165.0,27.0,,
403,CHL,Chile,2020,82.0406,Chile,9720358.0,13.0,1.815,43.0
404,COL,Colombia,2020,78.1362,Colombia,25791075.0,83.0,2.663,187.0
405,CRI,Costa Rica,2020,81.9122,Costa Rica,2558483.0,27.0,1.709,28.0
406,CUB,Cuba,2020,80.2255,Cuba,5683880.0,36.0,2.048,
407,DMA,Dominica,2020,77.2597,Dominica,36112.0,,,
408,DOM,Dominican Republic,2020,76.9139,República Dominicana,5472181.0,95.0,1.961,134.0
409,ECU,Ecuador,2020,76.0557,Ecuador,8798448.0,59.0,2.031,77.0
410,GRD,Grenada,2020,77.8688,Granada,61746.0,25.0,,
411,GTM,Guatemala,2020,75.545,Guatemala,8509834.0,95.0,2.155,118.0
412,GUY,Guyana,2020,72.118,Guyana,407303.0,169.0,2.065,
413,HND,Honduras,2020,73.9873,Honduras,5008783.0,65.0,2.206,227.0
414,HTI,Haiti,2020,67.1177,Haití,5701407.0,480.0,2.132,
415,JAM,Jamaica,2020,73.9185,Jamaica,1420767.0,80.0,1.972,
416,KNA,Saint Kitts and Nevis,2020,75.2665,Saint Kitts y Nevis,24570.0,,,
417,LCA,Saint Lucia,2020,77.055,Santa Lucía,90411.0,117.0,,
418,MEX,Mexico,2020,74.3136,México,64410851.0,33.0,2.565,948.0
419,NIC,Nicaragua,2020,75.012,Nicaragua,3426548.0,98.0,2.32,
420,PAN,Panama,2020,80.0343,Panamá,2145526.0,52.0,1.87,31.0
421,PER,Peru,2020,76.8162,Perú,16805323.0,88.0,1.993,137.0
422,PRY,Paraguay,2020,76.1558,Paraguay,3294711.0,84.0,2.005,36.0
423,SLV,El Salvador,2020,75.413,El Salvador,3295300.0,46.0,2.224,73.0
424,SUR,Suriname,2020,75.981,Suriname,304409.0,120.0,,
425,TTO,Trinidad and Tobago,2020,77.8806,Trinidad y Tobago,768972.0,67.0,2.016,22.0
426,URY,Uruguay,2020,81.911,Uruguay,1768921.0,17.0,1.688,19.0
427,VCT,Saint Vincent and the Grenadines,2020,74.9442,San Vicente y las Granadinas,51199.0,68.0,,
428,VEN,Venezuela (Bolivarian Republic of),2020,75.8142,Venezuela,14376694.0,125.0,2.701,
429,ARG,Argentina,2021,78.6471,Argentina,23130548.0,39.0,1.926,231.0
430,ATG,Antigua and Barbuda,2021,80.9411,Antigua y Barbuda,48709.0,42.0,,
431,BHS,Bahamas,2021,75.0957,Bahamas,212878.0,70.0,,
432,BLZ,Belize,2021,74.3322,Belice,198800.0,36.0,,7.0
433,BOL,Bolivia (Plurinational State of),2021,66.7999,Bolivia,6020925.0,155.0,2.018,108.0
434,BRA,Brazil,2021,76.0086,Brasil,109034931.0,60.0,2.403,1900.0
435,BRB,Barbados,2021,79.3594,Barbados,146366.0,27.0,,
436,CHL,Chile,2021,81.4368,Chile,9818163.0,13.0,1.787,44.0
437,COL,Colombia,2021,76.4421,Colombia,26101321.0,83.0,2.689,210.0
438,CRI,Costa Rica,2021,79.8106,Costa Rica,2575216.0,27.0,1.718,18.0
439,CUB,Cuba,2021,76.3585,Cuba,5667114.0,36.0,2.05,
440,DMA,Dominica,2021,76.3013,Dominica,36373.0,,,
441,DOM,Dominican Republic,2021,76.2914,República Dominicana,5535650.0,95.0,1.972,150.0
442,ECU,Ecuador,2021,77.4619,Ecuador,8910903.0,59.0,2.012,71.0
443,GRD,Grenada,2021,77.8979,Granada,62254.0,25.0,,
444,GTM,Guatemala,2021,72.6514,Guatemala,8639673.0,95.0,2.166,138.0
445,GUY,Guyana,2021,69.1042,Guyana,410932.0,169.0,2.119,
446,HND,Honduras,2021,72.5341,Honduras,5087643.0,65.0,2.308,234.0
447,HTI,Haiti,2021,66.1191,Haití,5774718.0,480.0,2.068,
448,JAM,Jamaica,2021,72.543,Jamaica,1424743.0,80.0,1.97,
449,KNA,Saint Kitts and Nevis,2021,75.3413,Saint Kitts y Nevis,24591.0,,,
450,LCA,Saint Lucia,2021,74.7166,Santa Lucía,90712.0,117.0,,
451,MEX,Mexico,2021,74.8637,México,64849001.0,33.0,2.625,1015.0
452,NIC,Nicaragua,2021,76.8026,Nicaragua,3474910.0,98.0,2.338,
453,PAN,Panama,2021,79.594,Panamá,2174744.0,52.0,1.883,22.0
454,PER,Peru,2021,74.7462,Perú,17020361.0,88.0,2.022,136.0
455,PRY,Paraguay,2021,73.3847,Paraguay,3338534.0,84.0,2.005,35.0
456,SLV,El Salvador,2021,75.1492,El Salvador,3307476.0,46.0,2.18,80.0
457,SUR,Suriname,2021,73.5513,Suriname,307598.0,120.0,,
458,TTO,Trinidad and Tobago,2021,76.4032,Trinidad y Tobago,772874.0,67.0,2.024,
459,URY,Uruguay,2021,79.2583,Uruguay,1766768.0,17.0,1.782,26.0
460,VCT,Saint Vincent and the Grenadines,2021,72.3958,San Vicente y las Granadinas,51123.0,68.0,,
461,VEN,Venezuela (Bolivarian Republic of),2021,75.2072,Venezuela,14243056.0,125.0,2.757,
